time , aircraft_id ,type,lat,lon
0,1,B747,60.0,30.0
0,2,B747,59.989490230119294,31.667511932621775
0,3,B747,60.70900468849565,30.815246960984304
0,4,B747,59.984132783944354,29.981684283119005
0,5,B747,59.973629747283226,31.64839591683777
0,6,B747,53.531709290566205,26.421728035890556
0,7,B747,46.481142621805475,33.355049767257704
0,8,B747,60.27585144658701,41.5806230694203
0,9,B747,61.096796519227965,41.28101814305741
0,10,B747,60.554393002094045,39.98138271870297
10,1,B747,60.0,30.051852185769768
10,2,B747,60.011942885178456,31.641584396648526
10,3,B747,60.686552033436485,30.78876113451633
10,4,B747,59.984132783944354,30.03351161108115
10,5,B747,59.99608240234239,31.622480806110843
10,6,B747,53.505783751316855,26.422012996229878
10,7,B747,46.50443934165233,33.338524486252176
10,8,B747,60.30138366386536,41.57153930973564
10,9,B747,61.080131547953975,41.23993910324639
10,10,B747,60.56326024809841,40.030948173189635
20,1,B747,60.0,30.099873261498324
20,2,B747,60.03273662092743,31.617556873783105
20,3,B747,60.66575829768751,30.76424863702723
20,4,B747,59.984132783944354,30.081509665626612
20,5,B747,60.01687613809136,31.59846480794894
20,6,B747,53.48177372618263,26.422276747407224
20,7,B747,46.52601477827829,33.323213885859154
20,8,B747,60.325029427708095,41.56312039743356
20,9,B747,61.06469787171291,41.201914406795815
20,10,B747,60.57147233570007,40.07686355228863
30,1,B747,60.0,30.14406322718567
30,2,B747,60.051871437366216,31.595432950470297
30,3,B747,60.646623481248724,30.741705664576948
30,4,B747,59.984132783944354,30.12567844675539
30,5,B747,60.03601095453015,31.57635150479512
30,6,B747,53.45967921516354,26.422519325283105
30,7,B747,46.54586893168334,33.3091194101268
30,8,B747,60.34678873811521,41.55536777711705
30,9,B747,61.050495490504765,41.16693960900268
30,10,B747,60.57902926489904,40.11912607865551
40,1,B747,60.0,30.184422082831794
40,2,B747,60.069347334494815,31.575215934005268
40,3,B747,60.629147584120126,30.721128725840448
40,4,B747,59.984132783944354,30.166017954467485
40,5,B747,60.05348685165875,31.55614420025077
40,6,B747,53.43950021825957,26.422740762773756
40,7,B747,46.564001801867484,33.296242390034024
40,8,B747,60.36666159508671,41.54828278140776
40,9,B747,61.03752440432954,41.13501062802031
40,10,B747,60.58593103569532,40.15773319471106
50,1,B747,60.0,30.22094982843671
50,2,B747,60.085164312313225,31.556908850615727
50,3,B747,60.613330606301716,30.702514640006406
50,4,B747,59.984132783944354,30.2025281887629
50,5,B747,60.06930382947716,31.537845917160766
50,6,B747,53.421236735470714,26.42294108987023
50,7,B747,46.580413388830735,33.28458404288327
50,8,B747,60.3846479986226,41.541866630060994
50,9,B747,61.02578461318723,41.106123743017285
50,10,B747,60.59217764808889,40.19268256323952
60,1,B747,60.0,30.254144688193453
60,2,B747,60.099538108225424,31.54026456966044
60,3,B747,60.59895681038952,30.68560682509589
60,4,B747,59.984132783944354,30.235707134987255
60,5,B747,60.083677625389356,31.521209642040763
60,6,B747,53.40463966002009,26.423123064350136
60,7,B747,46.595327540213695,33.273986387117525
60,8,B747,60.400993276246886,41.536032845732215
60,9,B747,61.015115990908754,41.07988179649865
60,10,B747,60.597854303434744,40.22444889645826
70,1,B747,60.0,30.286879994632937
70,2,B747,60.11371291171405,31.523843606048555
70,3,B747,60.58478200690089,30.668940448597773
70,4,B747,59.984132783944354,30.26842674820306
70,5,B747,60.097852428877985,31.504796581399184
70,6,B747,53.388272356321345,26.423302450097093
70,7,B747,46.61003521843205,33.26353259170067
70,8,B747,60.417112268036284,41.5302769570279
70,9,B747,61.00459506621944,41.054011776938395
70,10,B747,60.603452370534896,40.255780919279665
80,1,B747,60.0,30.31961530107242
80,2,B747,60.12788771520268,31.507415571898775
80,3,B747,60.57060720341226,30.652281383263723
80,4,B747,59.984132783944354,30.301146361418862
80,5,B747,60.112027232366614,31.488376458149748
80,6,B747,53.3719050526226,26.42348176688884
80,7,B747,46.62474289665041,33.25307595714778
80,8,B747,60.43323125982568,41.52451821505407
80,9,B747,60.99407414153012,41.02815032730033
80,10,B747,60.60905043763505,40.287118376307276
90,1,B747,60.0,30.352350607511905
90,2,B747,60.14206251869131,31.490980460113274
90,3,B747,60.55643239992363,30.635629621663337
90,4,B747,59.984132783944354,30.333865974634666
90,5,B747,60.12620203585524,31.47194926520584
90,6,B747,53.35553774892386,26.423661014792998
90,7,B747,46.63945057486877,33.242616481226854
90,8,B747,60.44935025161508,41.518756616524286
90,9,B747,60.983553216840804,41.002297441037044
90,10,B747,60.6146485047352,40.31846126972568
100,1,B747,60.0,30.38508591395139
100,2,B747,60.15623732217994,31.47453826358417
100,3,B747,60.542257596435,30.61898515637687
100,4,B747,59.984132783944354,30.36658558785047
100,5,B747,60.14037683934387,31.45551499547081
100,6,B747,53.339170445225115,26.42384019387709
100,7,B747,46.654158253087125,33.232154161703754
100,8,B747,60.46546924340448,41.51299215814674
100,9,B747,60.97303229215149,40.97645311160815
100,10,B747,60.62024657183535,40.349809601720715
110,1,B747,60.0,30.417821220390874
110,2,B747,60.17041212566857,31.45808897519351
110,3,B747,60.52808279294637,30.60234797999523
110,4,B747,59.984132783944354,30.399305201066273
110,5,B747,60.1545516428325,31.439073641837975
110,6,B747,53.32280314152637,26.424019304208553
110,7,B747,46.66886593130548,33.22168899634211
110,8,B747,60.481588235193875,41.50722483662429
110,9,B747,60.96251136746217,40.95061733248039
110,10,B747,60.625844638935504,40.38116337447946
120,1,B747,60.0,30.450556526830358
120,2,B747,60.1845869291572,31.44163258781328
120,3,B747,60.51390798945774,30.585718085119932
120,4,B747,59.984132783944354,30.432024814282077
120,5,B747,60.16872644632113,31.422625197190587
120,6,B747,53.30643583782763,26.424198345854737
120,7,B747,46.68357360952384,33.21122098290334
120,8,B747,60.49770722698327,41.50145464865443
120,9,B747,60.95199044277285,40.92479009712753
120,10,B747,60.631442706035656,40.41252259019026
130,1,B747,60.0,30.483291833269842
130,2,B747,60.19876173264583,31.425169094305343
130,3,B747,60.49973318596911,30.56909546436311
130,4,B747,59.984132783944354,30.46474442749788
130,5,B747,60.18290124980976,31.406169654401825
130,6,B747,53.290068534128885,26.424377318882886
130,7,B747,46.6982812877422,33.20075011914669
130,8,B747,60.51382621877267,41.495681590929244
130,9,B747,60.94146951808354,40.898971399030394
130,10,B747,60.63704077313581,40.44388725104264
140,1,B747,60.0,30.516027139709326
140,2,B747,60.21293653613446,31.408698487521445
140,3,B747,60.485558382480484,30.552480110347457
140,4,B747,59.984132783944354,30.497464040713684
140,5,B747,60.19707605329839,31.38970700633476
140,6,B747,53.27370123043014,26.424556223360185
140,7,B747,46.712988965960555,33.19027640282916
140,8,B747,60.52994521056207,41.48990566013547
140,9,B747,60.93094859339422,40.87316123167685
140,10,B747,60.64263884023596,40.475257359227435
150,1,B747,60.0,30.54876244614881
150,2,B747,60.227111339623086,31.3922207603032
150,3,B747,60.471383578991855,30.53587201570624
150,4,B747,59.984132783944354,30.530183653929488
150,5,B747,60.21125085678702,31.373237245842343
150,6,B747,53.2573339267314,26.424735059353708
150,7,B747,46.72769664417891,33.17979983170559
150,8,B747,60.54606420235147,41.48412685295439
150,9,B747,60.9204276687049,40.84735958856179
150,10,B747,60.64823690733611,40.50663291693668
160,1,B747,60.0,30.581497752588295
160,2,B747,60.241286143111715,31.375735905482056
160,3,B747,60.457208775503226,30.519271173083258
160,4,B747,59.984132783944354,30.56290326714529
160,5,B747,60.22542566027565,31.35676036576739
160,6,B747,53.240966623032655,26.42491382693045
160,7,B747,46.74240432239727,33.16932040352856
160,8,B747,60.562183194140864,41.47834516606191
160,9,B747,60.909906744015586,40.8215664631871
160,10,B747,60.653834974436265,40.5380139263637
170,1,B747,60.0,30.61423305902778
170,2,B747,60.255460946600344,31.359243915879276
170,3,B747,60.4430339720146,30.502677575132843
170,4,B747,59.984132783944354,30.595622880361095
170,5,B747,60.239600463764276,31.340276358942564
170,6,B747,53.22459931933391,26.425092526157304
170,7,B747,46.75711200061563,33.158838116048464
170,8,B747,60.57830218593026,41.47256059612846
170,9,B747,60.89938581932627,40.79578184906172
170,10,B747,60.65943304153642,40.56940038970302
180,1,B747,60.0,30.646968365467263
180,2,B747,60.26963575008897,31.342744784305935
180,3,B747,60.42885916852597,30.486091214519814
180,4,B747,59.984132783944354,30.6283424935769
180,5,B747,60.253775267252905,31.323785218190334
180,6,B747,53.20823201563517,26.4252711571011
180,7,B747,46.771819678833985,33.14835296701345
180,8,B747,60.59442117771966,41.46677313981911
180,9,B747,60.88886489463695,40.77000573970156
180,10,B747,60.66503110863657,40.60079230915045
190,1,B747,60.0,30.679703671906747
190,2,B747,60.2838105535776,31.32623850356288
190,3,B747,60.41468436503734,30.46951208391947
190,4,B747,59.984132783944354,30.661062106792702
190,5,B747,60.267950070741534,31.307286936323
190,6,B747,53.191864711936425,26.425449719828567
190,7,B747,46.78652735705234,33.13786495416948
190,8,B747,60.61054016950906,41.4609827937934
190,9,B747,60.878343969947636,40.744238128629526
190,10,B747,60.67062917573672,40.63218968690306
200,1,B747,60.0,30.71243897834623
200,2,B747,60.29798535706623,31.309725066440738
200,3,B747,60.40050956154871,30.45294017601756
200,4,B747,59.984132783944354,30.693781720008506
200,5,B747,60.28212487423016,31.290781506142615
200,6,B747,53.17549740823768,26.425628214406345
200,7,B747,46.8012350352707,33.12737407526027
200,8,B747,60.626659161298456,41.455189554705456
200,9,B747,60.86782304525832,40.718479009375486
200,10,B747,60.67622724283687,40.663592525159125
210,1,B747,60.0,30.745174284785715
210,2,B747,60.31216016055486,31.293204465719846
210,3,B747,60.38633475806008,30.43637548351029
210,4,B747,59.984132783944354,30.72650133322431
210,5,B747,60.29629967771879,31.274268920441017
210,6,B747,53.15913010453894,26.425806640900984
210,7,B747,46.81594271348906,33.11688032802731
210,8,B747,60.64277815308785,41.44939341920389
210,9,B747,60.857302120569,40.692728375476264
210,10,B747,60.681825309937025,40.69500082611819
220,1,B747,60.0,30.7779095912252
220,2,B747,60.32633496404349,31.276676694170295
220,3,B747,60.37215995457145,30.41981799910428
220,4,B747,59.984132783944354,30.759220946440113
220,5,B747,60.31047448120742,31.25774917199978
220,6,B747,53.142762800840195,26.425984999378958
220,7,B747,46.830650391707415,33.10638371020983
220,8,B747,60.65889714487725,41.443594383931845
220,9,B747,60.846781195879686,40.66698622047568
220,10,B747,60.68742337703718,40.726414591981076
230,1,B747,60.0,30.810644897664684
230,2,B747,60.34050976753212,31.260141744551852
230,3,B747,60.35798515108282,30.403267715516538
230,4,B747,59.984132783944354,30.791940559655917
230,5,B747,60.32464928469605,31.2412222535902
230,6,B747,53.12639549714145,26.42616328990664
230,7,B747,46.84535806992577,33.09588421954489
230,8,B747,60.67501613666665,41.437792445526966
230,9,B747,60.83626027119037,40.64125253792448
230,10,B747,60.69302144413733,40.75783382494982
240,1,B747,60.0,30.843380204104168
240,2,B747,60.35468457102075,31.24359960961399
240,3,B747,60.34381034759419,30.386724625474457
240,4,B747,59.984132783944354,30.82466017287172
240,5,B747,60.33882408818468,31.224688157973286
240,6,B747,53.11002819344271,26.426341512550337
240,7,B747,46.86006574814413,33.08538185376727
240,8,B747,60.69113512845605,41.43198760062136
240,9,B747,60.82573934650105,40.61552732138036
240,10,B747,60.69861951123748,40.78925852722774
250,1,B747,60.0,30.876115510543652
250,2,B747,60.36885937450938,31.22705028209583
250,3,B747,60.329635544105564,30.370188721715806
250,4,B747,59.984132783944354,30.857379786087524
250,5,B747,60.35299889167331,31.208146877899736
250,6,B747,53.093660889743965,26.426519667376237
250,7,B747,46.87477342636249,33.07487661060951
250,8,B747,60.707254120245445,41.42617984584167
250,9,B747,60.815218421811736,40.58981056440792
250,10,B747,60.704217578337634,40.82068870101941
260,1,B747,60.0,30.908850816983136
260,2,B747,60.383034177998006,31.21049375472615
260,3,B747,60.315460740616935,30.35365999698867
260,4,B747,59.984132783944354,30.890099399303327
260,5,B747,60.36717369516194,31.191598406109904
260,6,B747,53.07729358604522,26.426697754450466
260,7,B747,46.889481104580845,33.06436848780191
260,8,B747,60.72337311203484,41.420369177808965
260,9,B747,60.80469749712242,40.564102260578686
260,10,B747,60.709815645437786,40.85212434853063
270,1,B747,60.0,30.94158612342262
270,2,B747,60.397208981486635,31.193930020223345
270,3,B747,60.301285937128306,30.337138444051455
270,4,B747,59.984132783944354,30.92281901251913
270,5,B747,60.38134849865057,31.17504273533379
270,6,B747,53.06092628234648,26.426875773839065
270,7,B747,46.9041887827992,33.05385748307254
270,8,B747,60.73949210382424,41.41455559313873
270,9,B747,60.7941765724331,40.5384024034711
270,10,B747,60.71541371253794,40.883565471968495
280,1,B747,60.0,30.974321429862105
280,2,B747,60.411383784975264,31.177359071295413
280,3,B747,60.28711113363968,30.320624055672873
280,4,B747,59.984132783944354,30.955538625734935
280,5,B747,60.395523302139196,31.158479858291035
280,6,B747,53.044558978647736,26.427053725607976
280,7,B747,46.91889646101756,33.04334359414719
280,8,B747,60.75561109561364,41.408739088440946
280,9,B747,60.783655647743785,40.5127109866705
280,10,B747,60.72101177963809,40.91501207354133
290,1,B747,60.0,31.00705673630159
290,2,B747,60.42555858846389,31.16078090063994
290,3,B747,60.27293633015105,30.30411682463191
290,4,B747,59.984132783944354,30.98825823895074
290,5,B747,60.409698105627825,31.14190976769087
290,6,B747,53.02819167494899,26.427231609823068
290,7,B747,46.93360413923592,33.032826818749434
290,8,B747,60.771730087403036,41.40291966032
290,9,B747,60.77313472305447,40.48702800376909
290,10,B747,60.72660984673824,40.946464155458735
300,1,B747,60.0,31.039792042741073
300,2,B747,60.43973339195252,31.14419550094407
300,3,B747,60.25876152666242,30.28761674371783
300,4,B747,59.984132783944354,31.020977852166542
300,5,B747,60.423872909116454,31.125332456232115
300,6,B747,53.01182437125025,26.4274094265501
300,7,B747,46.948311817454275,33.02230715460055
300,8,B747,60.78784907919243,41.39709730537469
300,9,B747,60.76261379836515,40.461353448365976
300,10,B747,60.732207913838394,40.97792171993157
310,1,B747,60.0,31.072527349180557
310,2,B747,60.45390819544115,31.127602864884494
310,3,B747,60.24458672317379,30.27112380573012
310,4,B747,59.984132783944354,31.053697465382346
310,5,B747,60.43804771260508,31.108747916603164
310,6,B747,52.995457067551506,26.427587175854775
310,7,B747,46.96301949567263,33.01178459941956
310,8,B747,60.80396807098183,41.39127202019821
310,9,B747,60.752092873675835,40.43568731406712
310,10,B747,60.737805980938546,41.009384769171966
320,1,B747,60.0,31.10526265562004
320,2,B747,60.46808299892978,31.11100298512743
320,3,B747,60.23041191968516,30.254638003478497
320,4,B747,59.984132783944354,31.08641707859815
320,5,B747,60.45222251609371,31.09215614148195
320,6,B747,52.97908976385276,26.427764857802682
320,7,B747,46.97772717389099,33.00125915092328
320,8,B747,60.82008706277123,41.385443801378145
320,9,B747,60.74157194898652,40.41002959448534
320,10,B747,60.7434040480387,41.04085330539327
330,1,B747,60.0,31.137997962059526
330,2,B747,60.48225780241841,31.0943958543286
330,3,B747,60.21623711619653,30.238159329782864
330,4,B747,59.984132783944354,31.119136691813953
330,5,B747,60.46639731958234,31.07555712353593
330,6,B747,52.96272246015402,26.42794247245935
330,7,B747,46.99243485210935,32.99073080682621
330,8,B747,60.83620605456063,41.37961264549647
330,9,B747,60.7310510242972,40.3843802832403
330,10,B747,60.74900211513885,41.07232733081014
340,1,B747,60.0,31.17073326849901
340,2,B747,60.49643260590704,31.07778146513319
340,3,B747,60.2020623127079,30.221687777473328
340,4,B747,59.984132783944354,31.151856305029757
340,5,B747,60.48057212307097,31.058950855422076
340,6,B747,52.946355156455276,26.428120019890212
340,7,B747,47.007142530327705,32.98019956484057
340,8,B747,60.852325046350025,41.373778549129526
340,9,B747,60.720530099607885,40.358739373958514
340,10,B747,60.754600182239,41.10380684763849
350,1,B747,60.0,31.203468574938494
350,2,B747,60.51060740939567,31.061159810175873
350,3,B747,60.18788750921927,30.20522333939014
350,4,B747,59.984132783944354,31.18457591824556
350,5,B747,60.4947469265596,31.042337329786847
350,6,B747,52.92998785275653,26.428297500160607
350,7,B747,47.02185020854606,32.96966542267636
350,8,B747,60.86844403813942,41.367941508848006
350,9,B747,60.71000917491857,40.33310686027331
350,10,B747,60.760198249339155,41.13529185809548
360,1,B747,60.0,31.23620388137798
360,2,B747,60.5247822128843,31.044530882080757
360,3,B747,60.173712705730644,30.188766008383713
360,4,B747,59.984132783944354,31.217295531461364
360,5,B747,60.50892173004823,31.02571653926615
360,6,B747,52.91362054905779,26.428474913335805
360,7,B747,47.03655788676442,32.95912837804127
360,8,B747,60.88456302992882,41.362101521216914
360,9,B747,60.69948825022925,40.307482735824834
360,10,B747,60.76579631643931,41.166782364399545
370,1,B747,60.0,31.268939187817463
370,2,B747,60.538957016372926,31.02789467346137
370,3,B747,60.159537902242015,30.17231577731457
370,4,B747,59.984132783944354,31.250015144677167
370,5,B747,60.52309653353686,31.009088476485353
370,6,B747,52.897253245359046,26.42865225948098
370,7,B747,47.05126556498278,32.94858842864072
370,8,B747,60.90068202171822,41.356258582795604
370,9,B747,60.688967325539934,40.28186699426006
370,10,B747,60.77139438353946,41.198278368770396
380,1,B747,60.0,31.301674494256947
380,2,B747,60.553131819861555,31.01125117692065
380,3,B747,60.145363098753386,30.155872639053342
380,4,B747,59.984132783944354,31.28273475789297
380,5,B747,60.53727133702549,30.992453134059254
380,6,B747,52.8808859416603,26.42882953866123
380,7,B747,47.065973243201135,32.93804557217783
380,8,B747,60.916801013507616,41.350412690137745
380,9,B747,60.67844640085062,40.25625962923272
380,10,B747,60.77699245063961,41.229779873428996
390,1,B747,60.0,31.33440980069643
390,2,B747,60.567306623350184,30.994600385050898
390,3,B747,60.13118829526476,30.13943658648075
390,4,B747,59.984132783944354,31.315454371108775
390,5,B747,60.551446140514116,30.975810504592033
390,6,B747,52.86451863796156,26.429006750941546
390,7,B747,47.08068092141949,32.92749980635348
390,8,B747,60.932920005297014,41.344563839791306
390,9,B747,60.6679254761613,40.23066063440339
390,10,B747,60.78259051773976,41.26128688059758
400,1,B747,60.0,31.367145107135915
400,2,B747,60.58148142683881,30.97794229043381
400,3,B747,60.11701349177613,30.12300761248757
400,4,B747,59.984132783944354,31.34817398432458
400,5,B747,60.565620944002745,30.959160580677285
400,6,B747,52.848151334262816,26.429183896386867
400,7,B747,47.09538859963785,32.91695112886621
400,8,B747,60.94903899708641,41.33871202829855
400,9,B747,60.657404551471984,40.20507000343937
400,10,B747,60.788188584839915,41.29279939249968
410,1,B747,60.0,31.3998804135754
410,2,B747,60.59565623032744,30.961276885640387
410,3,B747,60.1028386882875,30.106585709974635
410,4,B747,59.984132783944354,31.380893597540382
410,5,B747,60.579795747491374,30.942503354897937
410,6,B747,52.83178403056407,26.429360975062036
410,7,B747,47.11009627785621,32.90639953741229
410,8,B747,60.96515798887581,41.33285725219601
410,9,B747,60.64688362678267,40.17948773001475
410,10,B747,60.79378665194007,41.32431741136005
420,1,B747,60.0,31.432615720014883
420,2,B747,60.60983103381607,30.944604163230963
420,3,B747,60.08866388479887,30.090170871852802
420,4,B747,59.984132783944354,31.413613210756186
420,5,B747,60.59397055098,30.92583881982628
420,6,B747,52.81541672686533,26.429537987031797
420,7,B747,47.124803956074565,32.89584502968572
420,8,B747,60.98127698066521,41.32699950801448
420,9,B747,60.63636270209335,40.15391380781038
420,10,B747,60.79938471904022,41.355840939404764
430,1,B747,60.0,31.465351026454368
430,2,B747,60.6240058373047,30.927924115755182
430,3,B747,60.07448908131024,30.07376309104295
430,4,B747,59.984132783944354,31.44633282397199
430,5,B747,60.60814535446863,30.90916696802391
430,6,B747,52.799049423166586,26.429714932360817
430,7,B747,47.13951163429292,32.88528760337817
430,8,B747,60.997395972454605,41.321138792279015
430,9,B747,60.625841777404034,40.128348230513886
430,10,B747,60.80498278614037,41.38736997886114
440,1,B747,60.0,31.498086332893852
440,2,B747,60.63818064079333,30.911236735751952
440,3,B747,60.06031427782161,30.057362360475928
440,4,B747,59.984132783944354,31.479052437187793
440,5,B747,60.62232015795726,30.89248779204175
440,6,B747,52.78268211946784,26.42989181111369
440,7,B747,47.15421931251128,32.87472725617903
440,8,B747,61.013514964244,41.3152751015089
440,9,B747,60.61532085271472,40.102790991819596
440,10,B747,60.81058085324052,41.41890453195777
450,1,B747,60.0,31.530821639333336
450,2,B747,60.65235544428196,30.894542015749447
450,3,B747,60.04613947433298,30.04096867309257
450,4,B747,59.984132783944354,31.511772050403597
450,5,B747,60.63649496144589,30.87580128441998
450,6,B747,52.7663148157691,26.430068623354916
450,7,B747,47.16892699072964,32.86416398577538
450,8,B747,61.0296339560334,41.30940843221765
450,9,B747,60.6047999280254,40.07724208542858
450,10,B747,60.816178920340676,41.45044460092454
460,1,B747,60.0,31.56355694577282
460,2,B747,60.66653024777059,30.877839948265066
460,3,B747,60.03196467084435,30.02458202184366
460,4,B747,59.984132783944354,31.5444916636194
460,5,B747,60.65066976493452,30.859107437688053
460,6,B747,52.74994751207036,26.430245369148913
460,7,B747,47.183634668947995,32.85359778985198
460,8,B747,61.0457529478228,41.30353878091298
460,9,B747,60.594279003336084,40.05170150504861
460,10,B747,60.82177698744083,41.48199018799259
470,1,B747,60.0,31.596292252212304
470,2,B747,60.68070505125922,30.861130525805443
470,3,B747,60.017789867355724,30.008202399689903
470,4,B747,59.984132783944354,31.577211276835204
470,5,B747,60.66484456842315,30.84240624436465
470,6,B747,52.73358020837161,26.43042204856003
470,7,B747,47.19834234716635,32.84302866609133
470,8,B747,61.061871939612196,41.29766614409683
470,9,B747,60.58375807864677,40.02616924439423
470,10,B747,60.82737505454098,41.51354129539435
480,1,B747,60.0,31.62902755865179
480,2,B747,60.694879854747846,30.844413740866393
480,3,B747,60.003615063867095,29.991829799601938
480,4,B747,59.984132783944354,31.609930890051007
480,5,B747,60.67901937191178,30.82569769695769
480,6,B747,52.71721290467287,26.430598661652503
480,7,B747,47.21305002538471,32.83245661217354
480,8,B747,61.077990931401594,41.291790518265294
480,9,B747,60.57323715395745,40.00064529718661
480,10,B747,60.83297312164113,41.545097925363514
490,1,B747,60.0,31.661762865091273
490,2,B747,60.709054658236475,30.82768958593291
490,3,B747,59.989440260378466,29.975464214560283
490,4,B747,59.984132783944354,31.64265050326681
490,5,B747,60.69319417540041,30.808981787964278
490,6,B747,52.70084560097413,26.430775208490513
490,7,B747,47.22775770360307,32.82188162577646
490,8,B747,61.09410992319099,41.285911899908655
490,9,B747,60.56271622926813,39.97512965715366
490,10,B747,60.838571188741284,41.576660080135085
500,1,B747,60.0,31.694498171530757
500,2,B747,60.723229461725104,30.810958053479144
500,3,B747,59.97526545688984,29.95910563755535
500,4,B747,59.984132783944354,31.675370116482615
500,5,B747,60.707368978889036,30.792258509870685
500,6,B747,52.68447829727538,26.430951689138148
500,7,B747,47.242465381821425,32.811303704575614
500,8,B747,61.11022891498039,41.28003028551138
500,9,B747,60.55219530457882,39.949622318029945
500,10,B747,60.844169255841436,41.6082277619453
510,1,B747,60.0,31.72723347797024
510,2,B747,60.73740426521373,30.79421913596837
510,3,B747,59.96109065340121,29.942754061587394
510,4,B747,59.984132783944354,31.70808972969842
510,5,B747,60.721543782377665,30.775527855152358
510,6,B747,52.66811099357664,26.431128103659404
510,7,B747,47.25717306003978,32.80072284624417
510,8,B747,61.12634790676979,41.27414567155204
510,9,B747,60.5416743798895,39.92412327355672
510,10,B747,60.84976732294159,41.63980097303172
520,1,B747,60.0,31.759968784409725
520,2,B747,60.75157906870236,30.777472825852982
520,3,B747,59.94691584991258,29.926409479666514
520,4,B747,59.984132783944354,31.740809342914222
520,5,B747,60.735718585866294,30.75878981627387
520,6,B747,52.6517436898779,26.4313044521182
520,7,B747,47.27188073825814,32.79013904845302
520,8,B747,61.142466898559185,41.268258054503384
520,9,B747,60.53115345520018,39.898632517481886
520,10,B747,60.85536539004174,41.671379715633165
530,1,B747,60.0,31.79270409084921
530,2,B747,60.76575387219099,30.76071911557446
530,3,B747,59.93274104642395,29.91007188481264
530,4,B747,59.984132783944354,31.773528956130026
530,5,B747,60.749893389354924,30.74204438568891
530,6,B747,52.63537638617915,26.431480734578386
530,7,B747,47.2865884164765,32.779552308870684
530,8,B747,61.15858589034858,41.262367430832235
530,9,B747,60.520632530510866,39.87315004356003
530,10,B747,60.86096345714189,41.702963991989726
540,1,B747,60.0,31.825439397288694
540,2,B747,60.77992867567962,30.743957997563356
540,3,B747,59.91856624293532,29.893741270055493
540,4,B747,59.984132783944354,31.80624856934583
540,5,B747,60.76406819284355,30.72529155584025
540,6,B747,52.61900908248041,26.43165695110371
540,7,B747,47.301296094694855,32.76896262516337
540,8,B747,61.17470488213798,41.256473796999565
540,9,B747,60.51011160582155,39.84767584555235
540,10,B747,60.866561524242044,41.73455380434281
550,1,B747,60.0,31.858174703728178
550,2,B747,60.79410347916825,30.72718946423926
550,3,B747,59.90439143944669,29.87741762843457
550,4,B747,59.984132783944354,31.838968182561633
550,5,B747,60.77824299633218,30.708531319159743
550,6,B747,52.60264177878167,26.43183310175785
550,7,B747,47.31600377291321,32.75836999499496
550,8,B747,61.19082387392738,41.250577149460426
550,9,B747,60.49959068113223,39.822209917226694
550,10,B747,60.8721595913422,41.76614915493509
560,1,B747,60.0,31.890910010167662
560,2,B747,60.80827828265688,30.7104135080108
560,3,B747,59.89021663595806,29.861100952999156
560,4,B747,59.984132783944354,31.871687795777436
560,5,B747,60.79241779982081,30.691763668068287
560,6,B747,52.586274475082924,26.43200918660439
560,7,B747,47.33071145113157,32.747774416026964
560,8,B747,61.206942865716776,41.24467748466395
560,9,B747,60.489069756442916,39.79675225235753
560,10,B747,60.87775765844235,41.797750046010535
570,1,B747,60.0,31.923645316607146
570,2,B747,60.82245308614551,30.693630121275604
570,3,B747,59.87604183246943,29.844791236808266
570,4,B747,59.984132783944354,31.90440740899324
570,5,B747,60.80659260330944,30.674988594975826
570,6,B747,52.56990717138418,26.432185205706848
570,7,B747,47.34541912934993,32.73717588591857
570,8,B747,61.223061857506174,41.23877479905333
570,9,B747,60.4785488317536,39.77130284472594
570,10,B747,60.8833557255425,41.82935647981437
580,1,B747,60.0,31.95638062304663
580,2,B747,60.83662788963414,30.67683929642029
580,3,B747,59.861867028980804,29.82848847293066
580,4,B747,59.984132783944354,31.937127022209044
580,5,B747,60.82076740679807,30.65820609228128
580,6,B747,52.55353986768544,26.43236115912865
580,7,B747,47.360126807568285,32.72657440232663
580,8,B747,61.23918084929557,41.232869089065844
580,9,B747,60.46802790706428,39.745861688119604
580,10,B747,60.88895379264265,41.86096845859314
590,1,B747,60.0,31.989115929486115
590,2,B747,60.850802693122766,30.66004102582043
590,3,B747,59.847692225492175,29.812192654444782
590,4,B747,59.984132783944354,31.969846635424847
590,5,B747,60.8349422102867,30.641416152372578
590,6,B747,52.537172563986694,26.43253704693314
590,7,B747,47.37483448578664,32.71596996290561
590,8,B747,61.25529984108497,41.22696035113277
590,9,B747,60.457506982374966,39.72042877633282
590,10,B747,60.894551859742805,41.89258598459465
600,1,B747,60.0,32.021851235925624
600,2,B747,60.864977496611395,30.643235301840534
600,3,B747,59.833517422003546,29.795903774438795
600,4,B747,59.984132783944354,32.002566248640655
600,5,B747,60.84911701377533,30.62461876762661
600,6,B747,52.52080526028795,26.432712869183582
600,7,B747,47.389542164005,32.70536256530769
600,8,B747,61.27141883287437,41.22104858167944
600,9,B747,60.44698605768565,39.69500410316646
600,10,B747,60.90014992684296,41.92420906006803
610,1,B747,60.0,32.05458654236514
610,2,B747,60.879152300100024,30.626422116834036
610,3,B747,59.819342618514916,29.779621826010526
610,4,B747,59.984132783944354,32.03528586185646
610,5,B747,60.863291817263956,30.607813930409208
610,6,B747,52.50443795658921,26.43288862594316
610,7,B747,47.40424984222336,32.694752207182624
610,8,B747,61.287537824663765,41.2151337771252
610,9,B747,60.43646513299633,39.669587662427965
610,10,B747,60.90574799394311,41.95583768726369
620,1,B747,60.0,32.08732184880466
620,2,B747,60.89332710358865,30.609601463143264
620,3,B747,59.80516781502629,29.76334680226746
620,4,B747,59.984132783944354,32.06800547507226
620,5,B747,60.877466620752585,30.591001633075116
620,6,B747,52.488070652890464,26.43306431727498
620,7,B747,47.418957520441715,32.68413888617786
620,8,B747,61.30365681645316,41.2092159338834
620,9,B747,60.425944208307016,39.64417944793138
620,10,B747,60.91134606104326,41.9874718684333
630,1,B747,60.0,32.12005715524418
630,2,B747,60.90750190707728,30.592773333099426
630,3,B747,59.79099301153766,29.747078696326703
630,4,B747,59.984132783944354,32.100725088288065
630,5,B747,60.891641424241215,30.574181867967997
630,6,B747,52.47170334919172,26.433239943242057
630,7,B747,47.43366519866007,32.673522599938444
630,8,B747,61.31977580824256,41.20329504836133
630,9,B747,60.4154232836177,39.618779453497254
630,10,B747,60.91694412814341,42.01911160582987
640,1,B747,60.0,32.1527924616837
640,2,B747,60.92167671056591,30.575937719022576
640,3,B747,59.77681820804903,29.73081750131501
640,4,B747,59.984132783944354,32.13344470150387
640,5,B747,60.905816227729844,30.55735462742037
640,6,B747,52.45533604549298,26.433415503907337
640,7,B747,47.44837287687843,32.66290334610708
640,8,B747,61.33589480003196,41.197371116960355
640,9,B747,60.40490235892838,39.59338767295273
640,10,B747,60.922542195243565,42.050756901707665
650,1,B747,60.0,32.18552776812322
650,2,B747,60.93585151405454,30.559094613221617
650,3,B747,59.7626434045604,29.714563210368716
650,4,B747,59.984132783944354,32.16616431471967
650,5,B747,60.91999103121847,30.540519903753623
650,6,B747,52.438968741794234,26.433590999333678
650,7,B747,47.46308055509679,32.65228112232411
650,8,B747,61.352013791821356,41.1914441360757
650,9,B747,60.394381434239065,39.56800410013148
650,10,B747,60.92814026234372,42.082407758322255
660,1,B747,60.0,32.21826307456274
660,2,B747,60.95002631754317,30.542244007994245
660,3,B747,59.74846860107177,29.698315816633738
660,4,B747,59.984132783944354,32.198883927935476
660,5,B747,60.9341658347071,30.523677689277985
660,6,B747,52.42260143809549,26.433766429583862
660,7,B747,47.477788233315145,32.641655926227486
660,8,B747,61.368132783610754,41.1855141020966
660,9,B747,60.38386050954975,39.542628728873694
660,10,B747,60.93373832944387,42.11406417793054
670,1,B747,60.0,32.25099838100226
670,2,B747,60.9642011210318,30.525385895626954
670,3,B747,59.73429379758314,29.68207531326557
670,4,B747,59.984132783944354,32.23160354115128
670,5,B747,60.94834063819573,30.50682797629249
670,6,B747,52.40623413439675,26.433941794720575
670,7,B747,47.4924959115335,32.63102775545279
670,8,B747,61.38425177540015,41.17958101140619
670,9,B747,60.37333958486043,39.517261553026096
670,10,B747,60.93933639654402,42.14572616279065
680,1,B747,60.0,32.28373368744178
680,2,B747,60.97837592452043,30.508520268395
680,3,B747,59.72011899409451,29.665841693429243
680,4,B747,59.984132783944354,32.264323154367084
680,5,B747,60.96251544168436,30.48997075708496
680,6,B747,52.389866830698004,26.434117094806442
680,7,B747,47.50720358975186,32.620396607633225
680,8,B747,61.40037076718955,41.17364486038155
680,9,B747,60.362818660171115,39.49190256644193
680,10,B747,60.944934463644174,42.17739371516207
690,1,B747,60.0,32.3164689938813
690,2,B747,60.99255072800906,30.491647118562383
690,3,B747,59.705944190605884,29.649614950299327
690,4,B747,59.984132783944354,32.29704276758289
690,5,B747,60.97669024517299,30.473106023931994
690,6,B747,52.37349952699926,26.434292329903993
690,7,B747,47.52191126797022,32.6097624803996
690,8,B747,61.41648975897895,41.16770564539364
690,9,B747,60.3522977354818,39.46655176298093
690,10,B747,60.950532530744326,42.20906683730555
700,1,B747,60.0,32.34920430032082
700,2,B747,61.006725531497686,30.474766438381835
700,3,B747,59.691769387117255,29.633395077059898
700,4,B747,59.984132783944354,32.32976238079869
700,5,B747,60.99086504866162,30.456233769098926
700,6,B747,52.35713222330052,26.4344675000757
700,7,B747,47.536618946188575,32.59912537138038
700,8,B747,61.432608750768345,41.161763362807335
700,9,B747,60.34177681079248,39.441209136509315
700,10,B747,60.95613059784448,42.24074553148317
710,1,B747,60.0,32.38193960676034
710,2,B747,61.020900334986315,30.45787822009478
710,3,B747,59.677594583628625,29.617182066904526
710,4,B747,59.984132783944354,32.362481994014495
710,5,B747,61.00503985215025,30.439353984839823
710,6,B747,52.340764919601774,26.434642605383928
710,7,B747,47.55132662440693,32.588485278201595
710,8,B747,61.44872774255774,41.15581800898135
710,9,B747,60.331255886103165,39.415874680899805
710,10,B747,60.96172866494463,42.27242979995827
720,1,B747,60.0,32.41467491319986
720,2,B747,61.035075138474944,30.440982455931312
720,3,B747,59.663419780139996,29.600975913036255
720,4,B747,59.984132783944354,32.3952016072303
720,5,B747,61.019214655638876,30.42246666339746
720,6,B747,52.32439761590303,26.434817645890977
720,7,B747,47.56603430262529,32.5778421984869
720,8,B747,61.46484673434714,41.14986958026833
720,9,B747,60.32073496141385,39.39054839003161
720,10,B747,60.96732673204478,42.30411964499551
730,1,B747,60.0,32.44741021963938
730,2,B747,61.04924994196357,30.424079138110198
730,3,B747,59.64924497665137,29.584776608667593
730,4,B747,59.984132783944354,32.4279212204461
730,5,B747,61.033389459127505,30.405571797003276
730,6,B747,52.30803031220429,26.43499262165907
730,7,B747,47.58074198084365,32.56719612985758
730,8,B747,61.48096572613654,41.14391807301472
730,9,B747,60.31021403672453,39.36523025779035
730,10,B747,60.972924799144934,42.335815068860875
740,1,B747,60.0,32.4801455260789
740,2,B747,61.0634247454522,30.407168258838823
740,3,B747,59.63507017316274,29.568584147020477
740,4,B747,59.984132783944354,32.460640833661905
740,5,B747,61.047564262616135,30.38866937787739
740,6,B747,52.291663008505544,26.435167532750334
740,7,B747,47.595449659062005,32.55654706993246
740,8,B747,61.49708471792594,41.13796348356082
740,9,B747,60.299693112035214,39.33992027806816
740,10,B747,60.978522866245086,42.367516073821626
750,1,B747,60.0,32.51288083251842
750,2,B747,61.07759954894083,30.390249810313197
750,3,B747,59.62089536967411,29.552398521326293
750,4,B747,59.984132783944354,32.49336044687771
750,5,B747,61.061739066104764,30.37175939822856
750,6,B747,52.2752957048068,26.43534237922684
750,7,B747,47.61015733728036,32.545895016328025
750,8,B747,61.513203709715334,41.13200580824073
750,9,B747,60.2891721873459,39.31461844476361
750,10,B747,60.98412093334524,42.39922266214634
760,1,B747,60.0,32.54561613895794
760,2,B747,61.09177435242946,30.373323784717904
760,3,B747,59.60672056618548,29.5362197248258
760,4,B747,59.984132783944354,32.52608006009351
760,5,B747,61.07591386959339,30.35484185025413
760,6,B747,52.25892840110806,26.435517161150553
760,7,B747,47.62486501549872,32.53523996665834
760,8,B747,61.52932270150473,41.1260450433824
760,9,B747,60.27865126265658,39.289324751781685
760,10,B747,60.98971900044539,42.43093483610489
770,1,B747,60.0,32.57835144539746
770,2,B747,61.10594915591809,30.35639017422611
770,3,B747,59.59254576269685,29.520047750769155
770,4,B747,59.984132783944354,32.558799673309316
770,5,B747,61.09008867308202,30.337916726140044
770,6,B747,52.242561097409315,26.435691878583388
770,7,B747,47.63957269371708,32.52458191853502
770,8,B747,61.54544169329413,41.120081185307555
770,9,B747,60.268130337967264,39.264039193033824
770,10,B747,60.99531706754554,42.46265259796847
780,1,B747,60.0,32.61108675183698
780,2,B747,61.12012395940672,30.339448970999516
780,3,B747,59.57837095920822,29.5038825924159
780,4,B747,59.984132783944354,32.59151928652512
780,5,B747,61.10426347657065,30.32098401806083
780,6,B747,52.22619379371057,26.435866531587163
780,7,B747,47.654280371935435,32.513920869567315
780,8,B747,61.56156068508353,41.11411423033167
780,9,B747,60.25760941327795,39.23876176243787
780,10,B747,61.000915134645695,42.49437595000957
790,1,B747,60.0,32.6438220582765
790,2,B747,61.13429876289535,30.32250016718835
790,3,B747,59.56419615571959,29.48772424303491
790,4,B747,59.984132783944354,32.624238899740924
790,5,B747,61.11843828005928,30.304043718179557
790,6,B747,52.20982649001183,26.43604112022361
790,7,B747,47.66898805015379,32.50325681736206
790,8,B747,61.577679676872926,41.10814417476405
790,9,B747,60.24708848858863,39.21349245391808
790,10,B747,61.00651320174585,42.52610489450199
800,1,B747,60.0,32.67655736471602
800,2,B747,61.14847356638398,30.305543754931332
800,3,B747,59.550021352230964,29.471572695904403
800,4,B747,59.984132783944354,32.65695851295673
800,5,B747,61.13261308354791,30.28709581864782
800,6,B747,52.193459186313085,26.436215644554398
800,7,B747,47.68369572837215,32.492589759523625
800,8,B747,61.59379866866232,41.102171014907704
800,9,B747,60.236567563899314,39.18823126140513
800,10,B747,61.012111268846,42.55783943372086
810,1,B747,60.0,32.70929267115554
810,2,B747,61.162648369872606,30.288579726355675
810,3,B747,59.535846548742335,29.45542794431192
810,4,B747,59.984132783944354,32.68967812617253
810,5,B747,61.14678788703654,30.270140311605704
810,6,B747,52.17709188261434,26.436390104641113
810,7,B747,47.69840340659051,32.48191969365401
810,8,B747,61.60991766045172,41.096194747059386
810,9,B747,60.22604663921,39.16297817883606
810,10,B747,61.01770933594615,42.58957956994258
820,1,B747,60.0,32.74202797759506
820,2,B747,61.176823173361235,30.27160807357702
820,3,B747,59.521671745253705,29.439289981554296
820,4,B747,59.984132783944354,32.722397739388335
820,5,B747,61.16096269052517,30.25317718918178
820,6,B747,52.1607245789156,26.43656450054526
820,7,B747,47.713111084808865,32.47124661735275
820,8,B747,61.62603665224112,41.09021536750957
820,9,B747,60.21552571452068,39.13773320015434
820,10,B747,61.0233074030463,42.62132530544488
830,1,B747,60.0,32.77476328403458
830,2,B747,61.190997976849864,30.254628788699456
830,3,B747,59.507496941765076,29.423158800937653
830,4,B747,59.984132783944354,32.75511735260414
830,5,B747,61.175137494013796,30.236206443493078
830,6,B747,52.144357275216855,26.436738832328267
830,7,B747,47.72781876302722,32.46057052821698
830,8,B747,61.64215564403052,41.08423287254248
830,9,B747,60.205004789831364,39.11249631930977
830,10,B747,61.028905470146455,42.653076642506825
840,1,B747,60.0,32.8074985904741
840,2,B747,61.20517278033849,30.23764186381547
840,3,B747,59.49332213827645,29.40703439577737
840,4,B747,59.984132783944354,32.78783696581994
840,5,B747,61.189312297502426,30.21922806664507
840,6,B747,52.12798997151811,26.43691310005149
840,7,B747,47.74252644124558,32.449891423841365
840,8,B747,61.658274635819915,41.07824725843599
840,9,B747,60.19448386514205,39.087267530258536
840,10,B747,61.03450353724661,42.68483358340876
850,1,B747,60.0,32.84023389691362
850,2,B747,61.21934758382712,30.220647291005942
850,3,B747,59.47914733478782,29.390916759398085
850,4,B747,59.984132783944354,32.820556579035745
850,5,B747,61.203487100991055,30.202242050731616
850,6,B747,52.11162266781937,26.43708730377619
850,7,B747,47.75723411946394,32.43920930181819
850,8,B747,61.67439362760931,41.07225852146166
850,9,B747,60.18396294045273,39.06204682696318
850,10,B747,61.04010160434676,42.71659613043235
860,1,B747,60.0,32.872969203353136
860,2,B747,61.23352238731575,30.203645062340115
860,3,B747,59.46497253129919,29.374805885133657
860,4,B747,59.984132783944354,32.85327619225155
860,5,B747,61.217661904479684,30.185248387834978
860,6,B747,52.095255364120625,26.43726144356357
860,7,B747,47.771941797682295,32.42852415973725
860,8,B747,61.69051261939871,41.06626665788474
860,9,B747,60.17344201576341,39.0368342033926
860,10,B747,61.04569967144691,42.74836428586061
870,1,B747,60.0,32.905704509792656
870,2,B747,61.24769719080438,30.18663516987557
870,3,B747,59.45079772781056,29.35870176632717
870,4,B747,59.984132783944354,32.88599580546735
870,5,B747,61.23183670796831,30.16824707002578
870,6,B747,52.07888806042188,26.43743551947474
870,7,B747,47.78664947590065,32.41783599518591
870,8,B747,61.70663161118811,41.0602716639641
870,9,B747,60.1629210910741,39.011629653522
870,10,B747,61.05129773854706,42.780138051977836
880,1,B747,60.0,32.938439816232176
880,2,B747,61.26187199429301,30.1696176056582
880,3,B747,59.43662292432193,29.342604396330895
880,4,B747,59.984132783944354,32.918715418683156
880,5,B747,61.24601151145694,30.15123808936299
880,6,B747,52.06252075672314,26.437609531570743
880,7,B747,47.80135715411901,32.40714480574912
880,8,B747,61.722750602977506,41.05427353595229
880,9,B747,60.15240016638478,38.986433171332955
880,10,B747,61.056895805647216,42.811917431069666
890,1,B747,60.0,32.971175122671696
890,2,B747,61.27604679778164,30.152592361722192
890,3,B747,59.4224481208333,29.32651376850628
890,4,B747,59.984132783944354,32.95143503189896
890,5,B747,61.26018631494557,30.134221437893896
890,6,B747,52.046153453024395,26.43778347991254
890,7,B747,47.81606483233737,32.39645058900934
890,8,B747,61.7388695947669,41.04827227009546
890,9,B747,60.14187924169546,38.96124475081334
890,10,B747,61.06249387274737,42.843702425423025
900,1,B747,60.0,33.003910429111215
900,2,B747,61.29022160127027,30.135559430090005
900,3,B747,59.40827331734467,29.310429876223953
900,4,B747,59.984132783944354,32.984154645114764
900,5,B747,61.2743611184342,30.117197107654086
900,6,B747,52.02978614932565,26.43795736456101
900,7,B747,47.830772510555725,32.38575334254657
900,8,B747,61.7549885865563,41.04226786263335
900,9,B747,60.131358317006146,38.93606438595733
900,10,B747,61.06809193984752,42.87549303732617
